{"loss": 0.12021908909082413, "_timestamp": 1704562776.62681, "_runtime": 3.4637060165405273, "_step": 47, "accuracy": 94.20289855072464, "_wandb": {"runtime": 3}}