{"train_loss": 0.010946299880743027, "epoch": 20, "trainer/global_step": 2860, "_timestamp": 1705503705.6596115, "_runtime": 59.733097553253174, "_step": 999, "val_accuracy_step": 96.7741928100586, "val_accuracy_epoch": 98.47444915771484, "avg_val_accuracy": 98.46285247802734, "test_accuracy_step": 96.7741928100586, "test_accuracy_epoch": 98.47444915771484, "_wandb": {"runtime": 73}}