{"loss": 0.18223854899406433, "_timestamp": 1704562643.6167953, "_runtime": 2.363779306411743, "_step": 22, "_wandb": {"runtime": 1}}