{"loss": 0.16070449352264404, "_timestamp": 1704562678.1804197, "_runtime": 2.9246816635131836, "_step": 47, "accuracy": 91.45690312738368, "_wandb": {"runtime": 2}}